Actions,WIID,Description,Type,Status,Date
,69986672,Calculate Client Security Hash,WI5,Open,2020-04-21
,69986668,Calculate Client Security Hash,WI5,Open,2018-04-18
,69986672,Calculate Client Security Hash,WI5,Open,2020-04-21
,69986668,Calculate Client Security Hash,WI5,Open,2018-04-18
,69986669,Calculate Client Security Hash,WI5,Open,2020-07-17
,69986674,Calculate Client Security Hash,WI5,Open,2017-03-14
,69986676,Calculate Client Security Hash,WI5,Open,2019-08-11
,69986671,Calculate Client Security Hash,WI5,Open,2019-10-19
,69986673,Calculate Client Security Hash,WI5,Open,2019-04-26
,69986670,Calculate Client Security Hash,WI5,Open,2017-12-07
,69986667,Calculate Client Security Hash,WI5,Open,2021-01-19
,69986675,Calculate Client Security Hash,WI5,Open,2019-10-09
